h_m,alpha_deg,CL,CD,Cm,eps_deg,note
# ANSYS CFD 完整气动系数表模板
# 用途：若希望用 CFD 结果整体替换 wig_aero.m 中的工程估算式，按本表格式导出，
#       每一行对应一个 (离地高度 h, 迎角 alpha) 组合。
#
# 列定义：
#   h_m        离地高度 [m]
#   alpha_deg  迎角 [deg]
#   CL         总升力系数（机翼 + 平尾，参考面积 S = 0.96 m^2）
#   CD         总阻力系数（含诱导阻力）
#   Cm         绕 1/4 弦的俯仰力矩系数（抬头为正）
#   eps_deg    平尾处的下洗角 [deg]
#   note       备注（可留空）
#
# 建议工况（与 ANSYS/README.md 第 2.1 节一致）：
#   h    = 0.03, 0.05, 0.075, 0.10, 0.15, 0.20, 0.30, 0.40, 0.50, 0.75, 1.00, 2.00 m
#   alpha= 0, 2, 4, 6, 8 deg（至少覆盖配平迎角 3~5 deg）
#   V    = 18 m/s（Ma ≈ 0.053，不可压）
#
# 下面给出的是【格式示例】，数值为占位值，请用真实 CFD 结果替换后再使用。
0.030,0,0.0,0.0,0.0,0.0,占位示例-请替换为真实计算结果
0.030,4,0.0,0.0,0.0,0.0,占位示例-请替换为真实计算结果
0.050,0,0.0,0.0,0.0,0.0,占位示例-请替换为真实计算结果
0.050,4,0.0,0.0,0.0,0.0,占位示例-请替换为真实计算结果
0.100,0,0.0,0.0,0.0,0.0,占位示例-请替换为真实计算结果
0.100,4,0.0,0.0,0.0,0.0,占位示例-请替换为真实计算结果
0.200,0,0.0,0.0,0.0,0.0,占位示例-请替换为真实计算结果
0.200,4,0.0,0.0,0.0,0.0,占位示例-请替换为真实计算结果
0.500,0,0.0,0.0,0.0,0.0,占位示例-请替换为真实计算结果
0.500,4,0.0,0.0,0.0,0.0,占位示例-请替换为真实计算结果
1.000,0,0.0,0.0,0.0,0.0,占位示例-请替换为真实计算结果
1.000,4,0.0,0.0,0.0,0.0,占位示例-请替换为真实计算结果
